{
  "overall": {
    "accuracy": 0.7089024270413677,
    "f1": 0.2858864649873448,
    "precision": 0.1968138068370395,
    "recall": 0.5222369000440334,
    "auc": 0.6834254997133551,
    "avg_precision": 0.21872200541586376,
    "brier": 0.09396123222704958,
    "threshold": 0.14763231197771587,
    "n_test": 20354,
    "positive_rate": 0.11157512036946055,
    "flagged_rate": 0.2960597425567456
  },
  "subgroups": {
    "prior_util_0": {
      "n": 11108,
      "readmit_rate": 0.0808,
      "recall": 0.186,
      "auc": 0.6537281672843559,
      "flagged_rate": 0.073
    },
    "prior_util_1": {
      "n": 4008,
      "readmit_rate": 0.12,
      "recall": 0.5364,
      "auc": 0.6429887172728115,
      "flagged_rate": 0.357
    },
    "prior_util_4+": {
      "n": 1983,
      "readmit_rate": 0.2179,
      "recall": 0.912,
      "auc": 0.6725969804427252,
      "flagged_rate": 0.7847
    },
    "age_lt45": {
      "n": 1213,
      "readmit_rate": 0.1047,
      "recall": 0.5669,
      "auc": 0.7711206334014877,
      "flagged_rate": 0.2226
    },
    "age_45_64": {
      "n": 5370,
      "readmit_rate": 0.0911,
      "recall": 0.5419,
      "auc": 0.7255509343227715,
      "flagged_rate": 0.251
    },
    "age_65_79": {
      "n": 9781,
      "readmit_rate": 0.1183,
      "recall": 0.5099,
      "auc": 0.6564801570820833,
      "flagged_rate": 0.3041
    },
    "age_80+": {
      "n": 3990,
      "readmit_rate": 0.1248,
      "recall": 0.5201,
      "auc": 0.6483807509534127,
      "flagged_rate": 0.3594
    },
    "los_1_2d": {
      "n": 6240,
      "readmit_rate": 0.0913,
      "recall": 0.393,
      "auc": 0.6829587858535227,
      "flagged_rate": 0.1814
    },
    "los_3_5d": {
      "n": 8291,
      "readmit_rate": 0.1118,
      "recall": 0.5372,
      "auc": 0.6894000053908135,
      "flagged_rate": 0.298
    },
    "los_6+d": {
      "n": 5823,
      "readmit_rate": 0.1329,
      "recall": 0.5995,
      "auc": 0.6536661646100771,
      "flagged_rate": 0.4161
    }
  },
  "calibration": {
    "bin_true": [
      0.0589,
      0.1388,
      0.2244,
      0.3608,
      0.6667,
      0.5082,
      1.0
    ],
    "bin_pred": [
      0.0588,
      0.1416,
      0.2455,
      0.3105,
      0.4292,
      0.5494,
      0.6667
    ],
    "brier_score": 0.09396123222704958
  }
}