{
  "model_type": "CatBoost + Isotonic Calibration",
  "best_params": {
    "depth": 8,
    "learning_rate": 0.006362094812921068,
    "l2_leaf_reg": 4.192319564932448,
    "random_strength": 0.18484318661653115,
    "bagging_temperature": 0.5298517589488888,
    "border_count": 64,
    "min_data_in_leaf": 9
  },
  "n_iterations": 787,
  "feature_count": 83,
  "optimal_threshold": 0.14763231197771587,
  "train_time_seconds": 8.0,
  "latency_ms_per_sample": 0.0099,
  "split_metadata": {
    "random_state": 42,
    "schema": {
      "train": 0.6,
      "early_stop": 0.1,
      "calibration": 0.1,
      "test": 0.2
    },
    "counts": {
      "train": 61059,
      "early_stop": 10176,
      "calibration": 10177,
      "test": 20354
    },
    "positive_rate": {
      "train": 0.111613,
      "early_stop": 0.111537,
      "calibration": 0.111624,
      "test": 0.111575
    }
  },
  "test_metrics": {
    "accuracy": 0.7089024270413677,
    "f1": 0.2858864649873448,
    "precision": 0.1968138068370395,
    "recall": 0.5222369000440334,
    "auc": 0.6834254997133551,
    "avg_precision": 0.21872200541586376,
    "brier": 0.09396123222704958,
    "threshold": 0.14763231197771587
  },
  "subgroup_metrics": {
    "low_util": {
      "n": 11108,
      "recall": 0.18596881959910913,
      "auc": 0.6537281672843559,
      "readmit_rate": 0.08084263593806265
    },
    "high_util": {
      "n": 1983,
      "recall": 0.9120370370370371,
      "auc": 0.6725969804427252,
      "readmit_rate": 0.2178517397881997
    }
  },
  "train_samples": 61059,
  "early_stop_samples": 10176,
  "cal_samples": 10177,
  "test_samples": 20354,
  "positive_rate": 0.11159915885462728,
  "artifacts": [
    "catboost_champion.cbm",
    "calibrator.joblib",
    "feature_columns.joblib",
    "training_manifest.json"
  ]
}